Query_ID	SNP	Ref_Base	Percent_Missing	Purged	Uncovered	Rescued_SNP	Purged_Ref_Edge	Purged_Length	Purged_Identity	Purged_Invalid	Purged_Indel	Purged_Heterozygous	Purged_Density
Sample_M	28	133	3.592814371257485	0	6	0	0	0	0	0	0	0	0
Sample_F	28	134	2.9940119760479043	1	4	0	0	0	1	0	0	0	0
Sample_G	29	134	2.3952095808383236	1	3	0	0	0	1	0	0	0	0
Sample_J	17	146	2.3952095808383236	0	4	0	0	0	0	0	0	0	0
Sample_A	0	167	0.0	0	0	0	1	0	0	0	0	0	0
Sample_B	34	133	0.0	0	0	0	0	0	0	0	0	0	0
Sample_C	18	149	0.0	0	0	0	0	0	0	0	0	0	0
Sample_D	10	157	0.0	0	0	0	0	0	0	0	0	0	0
Sample_E	10	157	0.0	0	0	0	0	0	0	0	0	0	0
Sample_H	25	142	0.0	0	0	0	0	0	0	0	0	0	0
Sample_I	12	155	0.0	0	0	0	0	0	0	0	0	0	0
Sample_K	15	152	0.0	0	0	0	0	0	0	0	0	0	0
Sample_L	9	158	0.0	0	0	0	0	0	0	0	0	0	0
Sample_N	17	150	0.0	0	0	0	0	0	0	0	0	0	0
Sample_O	34	133	0.0	0	0	0	0	0	0	0	0	0	0
